SalesPersonID,SalesPersonName,SalesPersonContact,SalesPersonEmail,ProviderID
1,John Doe,9123456789,john.doe@logistics.com,1
2,Jane Smith,8123456780,jane.smith@couriers.com,5
3,Robert Brown,7234567890,robert.brown@express.com,3
4,Emily Davis,6345678901,emily.davis@freight.com,2
5,Michael Johnson,5456789012,michael.johnson@movers.com,4
6,Sarah Wilson,4567890123,sarah.wilson@logistics.com,1
7,David Lee,3678901234,david.lee@couriers.com,3
8,Laura Martinez,2789012345,laura.martinez@express.com,4
9,James White,1890123456,james.white@freight.com,2
10,Emma Thomas,1001234567,emma.thomas@movers.com,5
